1343,NEXT FUNDS 東証REIT指数連動型上場投信
1414,ショーボンドホールディングス
1928,積水ハウス
2003,日東富士製粉
2169,CDS
2659,サンエー
3003,ヒューリック
3076,あいホールディングス
3231,野村不動産ホールディングス
3333,あさひ
3817,SRAホールディングス
3844,コムチュア
3901,マークラインズ
4008,住友精化
4042,東ソー
4097,高圧ガス工業
4206,アイカ工業
4290,プレステージ・インターナショナル
4540,ツムラ
4641,アルプス技研
4674,クレスコ
4719,アルファシステムズ
4832,JFEシステムズ
5108,ブリヂストン
5388,クニミネ工業
5982,マルゼン
6073,アサンテ
6345,アイチコーポレーション
6432,竹内製作所
6785,鈴木
7723,愛知時計電機
7820,ニホンフラッシュ
7989,立川ブラインド工業
7994,オカムラ
8130,サンゲツ
8309,三井住友トラストグループ
8584,ジャックス
8593,三菱HCキャピタル
8725,MS&ADインシュアランスグループホールディングス
9364,上組
9381,エーアイテイー
9513,電源開発
9757,船井総研ホールディングス
9769,学究社
9986,蔵王産業
9989,サンドラッグ
1384,ホクリヨウ
1717,明豊ファシリティワークス
2124,ジェイエイシーリクルートメント
2127,日本M&Aセンターホールディングス
2148,アイティメディア
2301,学情
3433,トーカロ
3635,コーエーテクモホールディングス
3649,ファインデックス
3912,モバイルファクトリー
3932,アカツキ
3937,Ubicomホールディングス
4251,恵和
4345,シーティーエス
4481,ベース
4516,日本新薬
4595,ミズホメディー
4828,ビジネスエンジニアリング
4975,JCU
6036,KeePer技研
6088,シグマクシス・ホールディングス
6196,ストライク
6200,インソース
6417,SANKYO
6929,日本セラミック
7447,ナガイレーベン
7575,日本ライフライン
7839,SHOEI
7849,スターツ出版
8595,ジャフコグループ
9168,ライズ・コンサルティング・グループ
9795,ステップ
1662,石油資源開発
1926,ライト工業
1944,きんでん
1968,太平電業
1982,日比谷総合設備
2379,ディップ
2815,アリアケジャパン
3834,朝日ネット
3916,デジタル・インフォメーション・テクノロジー
4109,ステラケミファ
4362,日本精化
4528,小野薬品工業
4687,TDCソフト
4743,アイティフォー
4820,イーエムシステムズ
4928,ノエビアHLDG
5121,藤倉コンポジット
5195,バンドー化学
5214,日本電気硝子
6184,鎌倉新書
6240,ヤマシンフィルタ
6272,レオン自動機
6333,TEIKOKU（帝国電機製作所）
6436,アマノ
6648,かわでん
6677,エスケーエレクトロニクス
6863,ニレコ
7374,コンフィデンス・インターワークス
7740,タムロン
7744,ノーリツ鋼機
7931,未来工業
7956,ピジョン
8111,ゴールドウイン
9039,サカイ引越センター
9340,アソインターナショナル
9682,DTS
9759,NSD
